Serving	the	of	Haemophiliacs	Serving%the	the%of	of%Haemophiliacs
and	the	of	clients	and%the	the%of	of%clients
and	shared	,	not	and%shared	shared%,	,%not
building	society	on	which	building%society	society%on	on%which
building	society	on	which	building%society	society%on	on%which
building	society	on	which	building%society	society%on	on%which
a	great	in	our	a%great	great%in	in%our
attracted	worldwide	.	He	attracted%worldwide	worldwide%.	.%He
sorts	of	.	As	sorts%of	of%.	.%As
sorts	of	.	As	sorts%of	of%.	.%As
of	little	to	the	of%little	little%to	to%the
historian	whose	were	primarily	historian%whose	whose%were	were%primarily
self	-	in	such	self%-	-%in	in%such
importance	and	in	sculpture	importance%and	and%in	in%sculpture
takes	an	in	a	takes%an	an%in	in%a
have	wide	in	the	have%wide	wide%in	in%the
the	additional	of	a	the%additional	additional%of	of%a
describing	his	in	painting	describing%his	his%in	in%painting
describing	his	in	painting	describing%his	his%in	in%painting
source	of	can	be	source%of	of%can	can%be
and	separate	,	as	and%separate	separate%,	,%as
from	business	,	but	from%business	business%,	,%but
secure	American	on	the	secure%American	American%on	on%the
of	his	,	he	of%his	his%,	,%he
a	generous	in	what	a%generous	generous%in	in%what
than	kindly	in	a	than%kindly	kindly%in	in%a
of	an	in	fact	of%an	an%in	in%fact
never	without	.	In	never%without	without%.	.%In
which	his	in	Classical	which%his	his%in	in%Classical
generate	enormous	overseas	,	generate%enormous	enormous%overseas	overseas%,
the	dramatic	.	If	the%dramatic	dramatic%.	.%If
of	commanding	from	future	of%commanding	commanding%from	from%future
own	dominant	as	far	own%dominant	dominant%as	as%far
and	capital	,	particularly	and%capital	capital%,	,%particularly
in	the	of	Western	in%the	the%of	of%Western
and	spiritual	of	the	and%spiritual	spiritual%of	of%the
take	an	in	the	take%an	an%in	in%the
appropriate	denominational	in	England	appropriate%denominational	denominational%in	in%England
and	its	in	the	and%its	its%in	in%the
essential	religious	of	their	essential%religious	religious%of	of%their
there	is	on	the	there%is	is%on	on%the
in	the	of	posterity	in%the	the%of	of%posterity
have	the	of	the	have%the	the%of	of%the
you	lose	so	totally	you%lose	lose%so	so%totally
've	lost	in	it	've%lost	lost%in	in%it
have	lost	in	something	have%lost	lost%in	in%something
or	historic	say	much	or%historic	historic%say	say%much
the	public	on	the	the%public	public%on	on%the
and	historic	in	their	and%historic	historic%in	in%their
building	's	despite	destroying	building%'s	's%despite	despite%destroying
emphasise	the	of	genuine	emphasise%the	the%of	of%genuine
building	's	for	future	building%'s	's%for	for%future
the	greatest	and	yet	the%greatest	greatest%and	and%yet
the	public	to	see	the%public	public%to	to%see
revival	of	in	the	revival%of	of%in	in%the
lack	of	in	language	lack%of	of%in	in%language
examined	with	,	as	examined%with	with%,	,%as
our	own	.	Training	our%own	own%.	.%Training
flicker	of	.	Oh	flicker%of	of%.	.%Oh
a	reciprocal	.	Tell	a%reciprocal	reciprocal%.	.%Tell
aroused	considerable	in	the	aroused%considerable	considerable%in	in%the
stories	of	for	its	stories%of	of%for	for%its
to	signify	in	this	to%signify	signify%in	in%this
an	active	in	the	an%active	active%in	in%the
may	of	to	other	may%of	of%to	to%other
creates	vertical	in	a	creates%vertical	vertical%in	in%a
much	keener	in	,	much%keener	keener%in	in%,
gardeners	whose	spreads	to	gardeners%whose	whose%spreads	spreads%to
season	of	,	so	season%of	of%,	,%so
following	with	the	Gardeners	following%with	with%the	the%Gardeners
and	foliar	Graceful	polystichums	and%foliar	foliar%Graceful	Graceful%polystichums
in	the	of	safety	in%the	the%of	of%safety
in	the	of	safety	in%the	the%of	of%safety
appetite	Losing	in	hobbies	appetite%Losing	Losing%in	in%hobbies
.	Your	and	support	.%Your	Your%and	and%support
needs	,	and	image	needs%,	,%and	and%image
research	of	to	the	research%of	of%to	to%the
safety	and	of	the	safety%and	and%of	of%the
have	any	in	the	have%any	any%in	in%the
drawled	an	.	Jay	drawled%an	an%.	.%Jay
my	own	,	I	my%own	own%,	,%I
be	of	as	well	be%of	of%as	as%well
his	consuming	in	life	his%consuming	consuming%in	in%life
inspire	his	in	Eastern	inspire%his	his%in	in%Eastern
Leonard	's	in	Zen	Leonard%'s	's%in	in%Zen
said	with	.	And	said%with	with%.	.%And
taking	an	.	When	taking%an	an%.	.%When
of	passionate	to	Don	of%passionate	passionate%to	to%Don
once	lose	and	behave	once%lose	lose%and	and%behave
gradually	lose	and	start	gradually%lose	lose%and	and%start
awakening	of	(	dishabituation	awakening%of	of%(	(%dishabituation
his	supposed	in	the	his%supposed	supposed%in	in%the
the	best	of	the	the%best	best%of	of%the
create	renewed	in	the	create%renewed	renewed%in	in%the
of	most	.	Details	of%most	most%.	.%Details
a	keen	in	my	a%keen	keen%in	in%my
range	of	were	wide	range%of	of%were	were%wide
mistook	his	for	an	mistook%his	his%for	for%an
(	plus	)	already	(%plus	plus%)	)%already
the	best	of	or	the%best	best%of	of%or
side	,	in	the	side%,	,%in	in%the
show	deep	in	its	show%deep	deep%in	in%its
for	the	in	cask	for%the	the%in	in%cask
is	increased	in	Britain	is%increased	increased%in	in%Britain
the	best	of	all	the%best	best%of	of%all
caused	this	to	be	caused%this	this%to	to%be
his	botanical	,	often	his%botanical	botanical%,	,%often
will	add	to	any	will%add	add%to	to%any
to	sustain	until	it	to%sustain	sustain%until	until%it
point	of	,	our	point%of	of%,	,%our
attract	serious	.	Mr	attract%serious	serious%.	.%Mr
to	lose	in	life	to%lose	lose%in	in%life
no	particular	in	anything	no%particular	particular%in	in%anything
range	of	are	usually	range%of	of%are	are%usually
those	of	in	medical	those%of	of%in	in%medical
current	of	can	be	current%of	of%can	can%be
but	sympathetic	in	early	but%sympathetic	sympathetic%in	in%early
lack	of	in	the	lack%of	of%in	in%the
in	the	of	oppression	in%the	the%of	of%oppression
revival	of	in	psychoanalysis	revival%of	of%in	in%psychoanalysis
its	cultural	.	This	its%cultural	cultural%.	.%This
the	growing	in	it	the%growing	growing%in	in%it
much	of	to	say	much%of	of%to	to%say
in	the	of	the	in%the	the%of	of%the
?	The	of	scholarship	?%The	The%of	of%scholarship
or	revived	in	something	or%revived	revived%in	in%something
of	minor	.	Paul	of%minor	minor%.	.%Paul
or	autobiographical	.	Working	or%autobiographical	autobiographical%.	.%Working
Norbrook	's	is	clearly	Norbrook%'s	's%is	is%clearly
major	human	for	the	major%human	human%for	for%the
is	much	in	the	is%much	much%in	in%the
Pound	's	in	Poitiers	Pound%'s	's%in	in%Poitiers
is	without	.	But	is%without	without%.	.%But
and	social	!	Nevertheless	and%social	social%!	!%Nevertheless
probable	German	-	rate	probable%German	German%-	-%rate
strategy	and	.	There	strategy%and	and%.	.%There
,	the	is	not	,%the	the%is	is%not
whose	defence	are	up	whose%defence	defence%are	are%up
self	-	,	self	self%-	-%,	,%self
arouse	their	,	Pakistani	arouse%their	their%,	,%Pakistani
direct	public	in	the	direct%public	public%in	in%the
the	public	is	limited	the%public	public%is	is%limited
,	the	of	the	,%the	the%of	of%the
cases	the	of	justice	cases%the	the%of	of%justice
to	the	of	justice	to%the	the%of	of%justice
that	the	of	justice	that%the	the%of	of%justice
and	public	commissioners	appointed	and%public	public%commissioners	commissioners%appointed
its	own	.	Labour	its%own	own%.	.%Labour
and	an	charge	that	and%an	an%charge	charge%that
,	high	charges	,	,%high	high%charges	charges%,
representing	the	of	the	representing%the	the%of	of%the
substantial	family	have	written	substantial%family	family%have	have%written
of	the	but	it	of%the	the%but	but%it
of	fixed	profit	-	of%fixed	fixed%profit	profit%-
had	no	in	improving	had%no	no%in	in%improving
inflation	and	.	Even	inflation%and	and%.	.%Even
's	national	.	London	's%national	national%.	.%London
to	the	of	industrial	to%the	the%of	of%industrial
combine	the	of	a	combine%the	the%of	of%a
the	narrow	of	employed	the%narrow	narrow%of	of%employed
of	his	in	the	of%his	his%in	in%the
aroused	the	of	some	aroused%the	the%of	of%some
by	an	in	building	by%an	an%in	in%building
surprising	the	of	developers	surprising%the	the%of	of%developers
extensive	brewing	,	came	extensive%brewing	brewing%,	,%came
had	shown	in	the	had%shown	shown%in	in%the
Sea	oil	and	its	Sea%oil	oil%and	and%its
reduced	by	on	the	reduced%by	by%on	on%the
has	packaging	,	has	has%packaging	packaging%,	,%has
wide	packaging	with	the	wide%packaging	packaging%with	with%the
self	-	as	something	self%-	-%as	as%something
of	British	.	She	of%British	British%.	.%She
each	,	-	free	each%,	,%-	-%free
a	passionate	in	music	a%passionate	passionate%in	in%music
develop	his	in	military	develop%his	his%in	in%military
of	national	should	be	of%national	national%should	should%be
boss	's	,	which	boss%'s	's%,	,%which
that	the	of	the	that%the	the%of	of%the
had	no	in	the	had%no	no%in	in%the
serve	the	of	the	serve%the	the%of	of%the
people	's	in	green	people%'s	's%in	in%green
a	greater	among	the	a%greater	greater%among	among%the
of	the	already	shown	of%the	the%already	already%shown
.	The	charge	,	.%The	The%charge	charge%,
steel	stockholding	two	years	steel%stockholding	stockholding%two	two%years
the	delayed	on	at	the%delayed	delayed%on	on%at
shown	increasing	in	it	shown%increasing	increasing%in	in%it
one	's	to	have	one%'s	's%to	to%have
the	public	.	The	the%public	public%.	.%The
only	of	to	three	only%of	of%to	to%three
has	expressed	in	refining	has%expressed	expressed%in	in%refining
