of	the	is	that	of%the	the%is	is%that	difficulty%1:26:00::
i	have	in	continuing	i%have	have%in	in%continuing	difficulty%1:04:00::
can	produce	in	the	can%produce	produce%in	in%the	difficulty%1:09:02::
although	the	include	the	although%the	the%include	include%the	difficulty%1:26:00::
in	serious	about	knowing	in%serious	serious%about	about%knowing	difficulty%1:09:02::
in	serious	about	knowing	in%serious	serious%about	about%knowing	difficulty%1:26:00::
may	have	in	deciding	may%have	have%in	in%deciding	difficulty%1:04:00::
most	obvious	is	that	most%obvious	obvious%is	is%that	difficulty%1:07:00::
most	obvious	is	that	most%obvious	obvious%is	is%that	difficulty%1:09:02::
performance	pose	for	the	performance%pose	pose%for	for%the	difficulty%1:09:02::
,	the	are	complicated	,%the	the%are	are%complicated	difficulty%1:09:02::
note	about	of	attribution	note%about	about%of	of%attribution	difficulty%1:09:02::
grasp	this	was	the	grasp%this	this%was	was%the	difficulty%1:09:02::
grasp	this	was	the	grasp%this	this%was	was%the	difficulty%1:26:00::
first	great	in	making	first%great	great%in	in%making	difficulty%1:04:00::
a	special	with	portraits	a%special	special%with	with%portraits	difficulty%1:09:02::
type	of	arises	in	type%of	of%arises	arises%in	difficulty%1:07:00::
type	of	arises	in	type%of	of%arises	arises%in	difficulty%1:09:02::
.	a	is	that	.%a	a%is	is%that	difficulty%1:09:02::
of	the	of	disentangling	of%the	the%of	of%disentangling	difficulty%1:07:00::
with	the	of	aesthetics	with%the	the%of	of%aesthetics	difficulty%1:09:02::
might	have	in	explaining	might%have	have%in	in%explaining	difficulty%1:09:02::
recognised	without	in	almost	recognised%without	without%in	in%almost	difficulty%1:04:00::
,	about	encountered	in	,%about	about%encountered	encountered%in	difficulty%1:09:02::
the	same	as	an	the%same	same%as	as%an	difficulty%1:09:02::
running	into	about	subsidy	running%into	into%about	about%subsidy	difficulty%1:26:00::
met	considerable	in	trying	met%considerable	considerable%in	in%trying	difficulty%1:26:00::
did	with	,	partly	did%with	with%,	,%partly	difficulty%1:04:00::
too	much	.	oh	too%much	much%.	.%oh	difficulty%1:04:00::
a	little	explaining	this	a%little	little%explaining	explaining%this	difficulty%1:04:00::
will	have	in	pushing	will%have	have%in	in%pushing	difficulty%1:26:00::
very	little	in	learning	very%little	little%in	in%learning	difficulty%1:04:00::
with	special	such	as	with%special	special%such	such%as	difficulty%1:26:00::
or	personal	,	which	or%personal	personal%,	,%which	difficulty%1:26:00::
,	legal	and	housing	,%legal	legal%and	and%housing	difficulty%1:26:00::
he	has	in	recalling	he%has	has%in	in%recalling	difficulty%1:04:00::
bereavement	financial	social	habit	bereavement%financial	financial%social	social%habit	difficulty%1:26:00::
who	had	with	flavell	who%had	had%with	with%flavell	difficulty%1:04:00::
insuperable	,	is	said	insuperable%,	,%is	is%said	difficulty%1:09:02::
have	great	holding	off	have%great	great%holding	holding%off	difficulty%1:04:00::
anyone	having	may	leave	anyone%having	having%may	may%leave	difficulty%1:04:00::
to	physical	,	i	to%physical	physical%,	,%i	difficulty%1:26:00::
acknowledges	the	of	writing	acknowledges%the	the%of	of%writing	difficulty%1:07:00::
to	real	in	study	to%real	real%in	in%study	difficulty%1:04:00::
he	has	in	writing	he%has	has%in	in%writing	difficulty%1:04:00::
there	are	about	english	there%are	are%about	about%english	difficulty%1:26:00::
its	financial	.	academics	its%financial	financial%.	.%academics	difficulty%1:26:00::
make	political	within	a	make%political	political%within	within%a	difficulty%1:26:00::
of	the	students	have	of%the	the%students	students%have	difficulty%1:04:00::
;	my	lies	in	;%my	my%lies	lies%in	difficulty%1:04:00::
that	potential	,	we	that%potential	potential%,	,%we	difficulty%1:07:00::
