of	the	is	that	of%the	the%is	is%that
i	have	in	continuing	i%have	have%in	in%continuing
can	produce	in	the	can%produce	produce%in	in%the
although	the	include	the	although%the	the%include	include%the
in	serious	about	knowing	in%serious	serious%about	about%knowing
in	serious	about	knowing	in%serious	serious%about	about%knowing
may	have	in	deciding	may%have	have%in	in%deciding
most	obvious	is	that	most%obvious	obvious%is	is%that
most	obvious	is	that	most%obvious	obvious%is	is%that
performance	pose	for	the	performance%pose	pose%for	for%the
,	the	are	complicated	,%the	the%are	are%complicated
note	about	of	attribution	note%about	about%of	of%attribution
grasp	this	was	the	grasp%this	this%was	was%the
grasp	this	was	the	grasp%this	this%was	was%the
first	great	in	making	first%great	great%in	in%making
a	special	with	portraits	a%special	special%with	with%portraits
type	of	arises	in	type%of	of%arises	arises%in
type	of	arises	in	type%of	of%arises	arises%in
.	a	is	that	.%a	a%is	is%that
of	the	of	disentangling	of%the	the%of	of%disentangling
with	the	of	aesthetics	with%the	the%of	of%aesthetics
might	have	in	explaining	might%have	have%in	in%explaining
recognised	without	in	almost	recognised%without	without%in	in%almost
,	about	encountered	in	,%about	about%encountered	encountered%in
the	same	as	an	the%same	same%as	as%an
running	into	about	subsidy	running%into	into%about	about%subsidy
met	considerable	in	trying	met%considerable	considerable%in	in%trying
did	with	,	partly	did%with	with%,	,%partly
too	much	.	oh	too%much	much%.	.%oh
a	little	explaining	this	a%little	little%explaining	explaining%this
will	have	in	pushing	will%have	have%in	in%pushing
very	little	in	learning	very%little	little%in	in%learning
with	special	such	as	with%special	special%such	such%as
or	personal	,	which	or%personal	personal%,	,%which
,	legal	and	housing	,%legal	legal%and	and%housing
he	has	in	recalling	he%has	has%in	in%recalling
bereavement	financial	social	habit	bereavement%financial	financial%social	social%habit
who	had	with	flavell	who%had	had%with	with%flavell
insuperable	,	is	said	insuperable%,	,%is	is%said
have	great	holding	off	have%great	great%holding	holding%off
anyone	having	may	leave	anyone%having	having%may	may%leave
to	physical	,	i	to%physical	physical%,	,%i
acknowledges	the	of	writing	acknowledges%the	the%of	of%writing
to	real	in	study	to%real	real%in	in%study
he	has	in	writing	he%has	has%in	in%writing
there	are	about	english	there%are	are%about	about%english
its	financial	.	academics	its%financial	financial%.	.%academics
make	political	within	a	make%political	political%within	within%a
of	the	students	have	of%the	the%students	students%have
;	my	lies	in	;%my	my%lies	lies%in
that	potential	,	we	that%potential	potential%,	,%we
