with	their	chained	to	with%their	their%chained	chained%to
under	his	and	come	under%his	his%and	and%come
raised	his	involuntarily	,	raised%his	his%involuntarily	involuntarily%,
under	your	and	wishing	under%your	your%and	and%wishing
searching	for	.	This	searching%for	for%.	.%This
to	the	of	the	to%the	the%of	of%the
on	her	swaying	heavily	on%her	her%swaying	swaying%heavily
by	the	.	Mr	by%the	the%.	.%Mr
Hjerson	's	.	I	Hjerson%'s	's%.	.%I
crossed	his	as	it	crossed%his	his%as	as%it
pinched	my	.	That	pinched%my	my%.	.%That
couples	,	in	<head>arm</head>	,	doing	couples%,	,%in	in%<head>arm</head>	<head>arm</head>%,	,%doing
before	my	drop	off	before%my	my%drop	drop%off
as	throttle	paralysis	on	as%throttle	throttle%paralysis	paralysis%on
in	various	of	the	in%various	various%of	of%the
(	an	of	the	(%an	an%of	of%the
other	main	of	executive	other%main	main%of	of%executive
-	military	of	government	-%military	military%of	of%government
bruised	,	open	,	bruised%,	,%open	open%,
put	her	around	her	put%her	her%around	around%her
in	her	.	Sleep	in%her	her%.	.%Sleep
in	my	,	your	in%my	my%,	,%your
But	my	round	you	But%my	my%round	round%you
,	your	holding	me	,%your	your%holding	holding%me
in	her	.	And	in%her	her%.	.%And
in	your	,	then	in%your	your%,	,%then
wrapping	her	around	Lucy	wrapping%her	her%around	around%Lucy
wrap	both	round	Lucy	wrap%both	both%round	round%Lucy
into	her	and	Jay	into%her	her%and	and%Jay
's	slender	round	her	's%slender	slender%round	round%her
in	my	.	One	in%my	my%.	.%One
the	heavy	rest	around	the%heavy	heavy%rest	rest%around
extends	his	with	the	extends%his	his%with	with%the
Economy	of	movement	is	Economy%of	of%movement	movement%is
your	blocking	so	you	your%blocking	blocking%so	so%you
his	extended	with	your	his%extended	extended%with	with%your
front	barring	or	groin	front%barring	barring%or	or%groin
the	attacking	.	Do	the%attacking	attacking%.	.%Do
your	blocking	fully	as	your%blocking	blocking%fully	fully%as
on	his	with	rising	on%his	his%with	with%rising
merely	an	movement	,	merely%an	an%movement	movement%,
by	the	action	itself	by%the	the%action	action%itself
of	the	action	.	of%the	the%action	action%.
-	extended	is	sure	-%extended	extended%is	is%sure
of	pumping	and	legs	of%pumping	pumping%and	and%legs
legs	and	blown	off	legs%and	and%blown	blown%off
took	his	,	cleared	took%his	his%,	,%cleared
under	his	,	the	under%his	his%,	,%the
,	his	firmly	held	,%his	his%firmly	firmly%held
of	his	and	he	of%his	his%and	and%he
up	their	with	fists	up%their	their%with	with%fists
on	their	.	All	on%their	their%.	.%All
Hundreds	of	were	standing	Hundreds%of	of%were	were%standing
Hundreds	of	were	standing	Hundreds%of	of%were	were%standing
twisting	his	behind	him.	twisting%his	his%behind	behind%him.
took	his	and	told	took%his	his%and	and%told
in	the	.	No	in%the	the%.	.%No
,	their	pulled	down	,%their	their%pulled	pulled%down
had	her	round	Donald	had%her	her%round	round%Donald
had	his	round	his	had%his	his%round	round%his
of	his	.	Jean	of%his	his%.	.%Jean
on	their	;	they	on%their	their%;	;%they
and	strong	gone	?	and%strong	strong%gone	gone%?
raised	his	or	his	raised%his	his%or	or%his
lifted	an	now	and	lifted%an	an%now	now%and
up	in	against	their	up%in	in%against	against%their
texture	,	pulling	on	texture%,	,%pulling	pulling%on
out	her	and	spread	out%her	her%and	and%spread
,	her	curved	closely	,%her	her%curved	curved%closely
under	her	,	old	under%her	her%,	,%old
with	her	round	him	with%her	her%round	round%him
by	the	.	Then	by%the	the%.	.%Then
across	his	,	Donald	across%his	his%,	,%Donald
though	presenting	in	some	though%presenting	presenting%in	in%some
into	her	without	falling	into%her	her%without	without%falling
into	my	(	as	into%my	my%(	(%as
under	her	.	She	under%her	her%.	.%She
an	upholstered	protruding	there	an%upholstered	upholstered%protruding	protruding%there
massage	his	or	the	massage%his	his%or	or%the
on	the	of	the	on%the	the%of	of%the
think	my	will	be	think%my	my%will	will%be
,	his	was	strapped	,%his	his%was	was%strapped
my	left	was	trapped	my%left	left%was	was%trapped
it	at	's	length	it%at	at%'s	's%length
on	her	and	she	on%her	her%and	and%she
had	their	around	each	had%their	their%around	around%each
Rodney	's	round	her	Rodney%'s	's%round	round%her
on	its	.	He	on%its	its%.	.%He
-	warmed	.	The	-%warmed	warmed%.	.%The
hearthrug	of	and	legs	hearthrug%of	of%and	and%legs
raise	my	,	my	raise%my	my%,	,%my
puts	her	gingerly	and	puts%her	her%gingerly	gingerly%and
folded	her	round	him	folded%her	her%round	round%him
removing	his	from	her	removing%his	his%from	from%her
put	his	round	her	put%his	his%round	round%her
Steve	's	.	That	Steve%'s	's%.	.%That
under	his	A	wand	under%his	his%A	A%wand
have	your	round	me	have%your	your%round	round%me
put	his	round	me	put%his	his%round	round%me
taking	her	.	They	taking%her	her%.	.%They
to	the	helping	to	to%the	the%helping	helping%to
Using	the	alone	is	Using%the	the%alone	alone%is
with	your	above	your	with%your	your%above	above%your
with	your	by	your	with%your	your%by	by%your
and	your	in	a	and%your	your%in	in%a
and	the	straight	up.	and%the	the%straight	straight%up.
until	the	are	straight	until%the	the%are	are%straight
raise	your	out	to	raise%your	your%out	out%to
with	the	bent	and	with%the	the%bent	bent%and
until	the	are	straight	until%the	the%are	are%straight
raise	the	apart	until	raise%the	the%apart	apart%until
until	the	are	straight	until%the	the%are	are%straight
with	your	straight	down.	with%your	your%straight	straight%down.
,	the	are	hanging	,%the	the%are	are%hanging
the	upper	horizontal	,	the%upper	upper%horizontal	horizontal%,
with	your	holding	the	with%your	your%holding	holding%the
with	the	straight	down	with%the	the%straight	straight%down
with	your	out	straight	with%your	your%out	out%straight
until	your	are	straightened	until%your	your%are	are%straightened
bench	with	out	straight	bench%with	with%out	out%straight
keeping	the	straight	at	keeping%the	the%straight	straight%at
until	your	are	straight	until%your	your%are	are%straight
One	-	dumb	-	One%-	-%dumb	dumb%-
on	one	and	then	on%one	one%and	and%then
One	-	dumb	-	One%-	-%dumb	dumb%-
bend	your	,	lowering	bend%your	your%,	,%lowering
until	the	are	locked	until%the	the%are	are%locked
until	the	are	locked	until%the	the%are	are%locked
adduct	the	(	adduction	adduct%the	the%(	(%adduction
the	upper	across	the	the%upper	upper%across	across%the
or	his	because	he	or%his	his%because	because%he
draw	the	to	the	draw%the	the%to	to%the
that	the	are	drawn	that%the	the%are	are%drawn
and	single	rowing	.	and%single	single%rowing	rowing%.
the	upper	and	at	the%upper	upper%and	and%at
raise	the	to	the	raise%the	the%to	to%the
the	upper	while	the	the%upper	upper%while	while%the
.	Upper	training	should	.%Upper	Upper%training	training%should
bar	at	's	length	bar%at	at%'s	's%length
overtrain	the	.	More	overtrain%the	the%.	.%More
correcting	poor	development	it	correcting%poor	poor%development	development%it
its	free	into	the	its%free	free%into	into%the
,	on	and	legs	,%on	on%and	and%legs
radial	-	saw	is	radial%-	-%saw	saw%is
radial	-	for	clatters	radial%-	-%for	for%clatters
by	the	and	steered	by%the	the%and	and%steered
benches	within	's	reach	benches%within	within%'s	's%reach
that	the	never	cross	that%the	the%never	never%cross
as	the	flick	to	as%the	the%flick	flick%to
partner	's	as	she	partner%'s	's%as	as%she
than	rounded	,	they	than%rounded	rounded%,	,%they
seizes	her	and	draws	seizes%her	her%and	and%draws
and	angled	,	all	and%angled	angled%,	,%all
synchronisation	of	and	legs	synchronisation%of	of%and	and%legs
of	her	(	the	of%her	her%(	(%the
passing	the	through	1st	passing%the	the%through	through%1st
keep	the	rounded	except	keep%the	the%rounded	rounded%except
keep	the	rounded	except	keep%the	the%rounded	rounded%except
of	the	make	an	of%the	the%make	make%an
legs	or	,	or	legs%or	or%,	,%or
and	veiled	have	hidden	and%veiled	veiled%have	have%hidden
body	and	of	the	body%and	and%of	of%the
body	,	and	head	body%,	,%and	and%head
in	the	of	the	in%the	the%of	of%the
of	both	and	feet	of%both	both%and	and%feet
arched	,	in	closed	arched%,	,%in	in%closed
as	the	straighten	into	as%the	the%straighten	straighten%into
hands	and	drew	attention	hands%and	and%drew	drew%attention
on	the	of	her	on%the	the%of	of%her
out	,	linked	to	out%,	,%linked	linked%to
her	expressive	and	face	her%expressive	expressive%and	and%face
of	the	.	Ashton	of%the	the%.	.%Ashton
raised	his	widely	only	raised%his	his%widely	widely%only
other	's	all	the	other%'s	's%all	all%the
body	,	and	head	body%,	,%and	and%head
in	his	.	It	in%his	his%.	.%It
Romeo	's	are	in	Romeo%'s	's%are	are%in
body	and	should	move	body%and	and%should	should%move
body	and	rise	upwards	body%and	and%rise	rise%upwards
body	and	in	some	body%and	and%in	in%some
.	The	usually	change	.%The	The%usually	usually%change
,	the	will	be	,%the	the%will	will%be
front	the	will	change	front%the	the%will	will%change
but	their	and	legs	but%their	their%and	and%legs
hands	,	,	legs	hands%,	,%,	,%legs
your	right	's	for	your%right	right%'s	's%for
with	open	the	rebirth	with%open	open%the	the%rebirth
from	the	4	A	from%the	the%4	4%A
and	an	?	A	and%an	an%?	?%A
on	his	.	My	on%his	his%.	.%My
had	both	in	plaster	had%both	both%in	in%plaster
forth	His	to	us	forth%His	His%to	to%us
up	his	and	went	up%his	his%and	and%went
flung	her	round	my	flung%her	her%round	round%my
in	my	when	you	in%my	my%when	when%you
a	robot	to	interpret	a%robot	robot%to	to%interpret
allows	the	to	be	allows%the	the%to	to%be
and	lower	values	respectively	and%lower	lower%values	values%respectively
in	my	,	dead	in%my	my%,	,%dead
in	the	of	her	in%the	the%of	of%her
valorous	in	,	Disinterested	valorous%in	in%,	,%Disinterested
conducted	at	's	length	conducted%at	at%'s	's%length
video	distribution	,	Virgin	video%distribution	distribution%,	,%Virgin
Tones	up	,	shoulders	Tones%up	up%,	,%shoulders
-	muscular	,	square	-%muscular	muscular%,	,%square
to	supply	to	President	to%supply	supply%to	to%President
the	music	which	,	the%music	music%which	which%,
seized	his	and	legs	seized%his	his%and	and%legs
with	their	on	each	with%their	their%on	on%each
of	an	,	for	of%an	an%,	,%for
neither	her	nor	legs	neither%her	her%nor	nor%legs
up	an	conversion	agency	up%an	an%conversion	conversion%agency
with	open	,	or	with%open	open%,	,%or
or	any	.	Roy	or%any	any%.	.%Roy
secure	verifiable	reductions	.	secure%verifiable	verifiable%reductions	reductions%.
money	and	.	The	money%and	and%.	.%The
Navy	delivered	to	the	Navy%delivered	delivered%to	to%the
call	to	against	counter	call%to	to%against	against%counter
Georgina	's	,	were	Georgina%'s	's%,	,%were
baby	in	,	faced	baby%in	in%,	,%faced
feat	of	,	but	feat%of	of%,	,%but
Pizarro	's	.	None	Pizarro%'s	's%.	.%None
buying	American	firm	International	buying%American	American%firm	firm%International
into	the	of	those	into%the	the%of	of%those
a	French	dealer	.	a%French	French%dealer	dealer%.
supply	of	captured	by	supply%of	of%captured	captured%by
turned	to	dealing	in	turned%to	to%dealing	dealing%in
of	an	dealer	and	of%an	an%dealer	dealer%and
in	selling	,	makes	in%selling	selling%,	,%makes
Stewart	's	By	DEREK	Stewart%'s	's%By	By%DEREK
used	his	to	restrain	used%his	his%to	to%restrain
smiles	and	flung	out	smiles%and	and%flung	flung%out
in	their	,	but	in%their	their%,	,%but
physical	security	has	now	physical%security	security%has	has%now
owned	US	,	lost	owned%US	US%,	,%lost
and	political	of	the	and%political	political%of	of%the
down	their	and	form	down%their	their%and	and%form
of	strong	diplomacy	and	of%strong	strong%diplomacy	diplomacy%and
call	to	.	Some	call%to	to%.	.%Some
of	strong	to	manipulate	of%strong	strong%to	to%manipulate
SOME	GENTLE	-	twisting	SOME%GENTLE	GENTLE%-	-%twisting
rate	his	whirled	over	rate%his	his%whirled	whirled%over
crowd	bearing	was	one	crowd%bearing	bearing%was	was%one
the	British	,	Vauxhall	the%British	British%,	,%Vauxhall
the	legal	of	ETA	the%legal	legal%of	of%ETA
the	stockbroking	of	Barclays	the%stockbroking	stockbroking%of	of%Barclays
the	stockbroking	of	National	the%stockbroking	stockbroking%of	of%National
.	Its	supplies	from	.%Its	Its%supplies	supplies%from
continue	sending	until	the	continue%sending	sending%until	until%the
uniforms	,	,	a	uniforms%,	,%,	,%a
other	's	,	many	other%'s	's%,	,%many
waving	his	and	muttering	waving%his	his%and	and%muttering
the	phantom	contracts	which	the%phantom	phantom%contracts	contracts%which
the	stockbroking	of	Barclays	the%stockbroking	stockbroking%of	of%Barclays
the	phantom	contracts	that	the%phantom	phantom%contracts	contracts%that
Semtex	,	and	other	Semtex%,	,%and	and%other
the	political	of	the	the%political	political%of	of%the
management	consultancy	.	I	management%consultancy	consultancy%.	.%I
and	illicit	traffickers	.	and%illicit	illicit%traffickers	traffickers%.
left	-	spinners	,	left%-	-%spinners	spinners%,
father	's	enshrines	the	father%'s	's%enshrines	enshrines%the
investment	management	of	National	investment%management	management%of	of%National
investment	management	,	Lazards	investment%management	management%,	,%Lazards
,	wine	of	the	,%wine	wine%of	of%the
to	get	and	ammunition	to%get	get%and	and%ammunition
money	for	.	Asked	money%for	for%.	.%Asked
an	IRA	cache	discovered	an%IRA	IRA%cache	cache%discovered
pairs	of	will	churn	pairs%of	of%will	will%churn
to	carry	,	from	to%carry	carry%,	,%from
who	lost	and	legs	who%lost	lost%and	and%legs
with	one	up	a	with%one	one%up	up%a
losing	one	or	one	losing%one	one%or	or%one
lost	an	or	leg	lost%an	an%or	or%leg
,	his	by	his	,%his	his%by	by%his
pulled	my	out	there	pulled%my	my%out	out%there
hand	and	covered	with	hand%and	and%covered	covered%with
